[{"model": "admin.logentry", "pk": 1, "fields": {"action_time": "2023-06-05T10:56:16.339Z", "user": 1, "content_type": null, "object_id": "2", "object_repr": "beaver", "action_flag": 1, "change_message": "[{\"added\": {}}]"}}, {"model": "admin.logentry", "pk": 2, "fields": {"action_time": "2023-09-07T10:33:19.400Z", "user": 1, "content_type": null, "object_id": "10", "object_repr": "Объявление: Пылесос", "action_flag": 2, "change_message": "[{\"changed\": {\"fields\": [\"\\u041e\\u043f\\u0438\\u0441\\u0430\\u043d\\u0438\\u0435\"]}}]"}}, {"model": "admin.logentry", "pk": 3, "fields": {"action_time": "2023-09-07T10:50:29.474Z", "user": 1, "content_type": null, "object_id": "12", "object_repr": "Объявление: товар", "action_flag": 2, "change_message": "[{\"changed\": {\"fields\": [\"\\u041e\\u043f\\u0438\\u0441\\u0430\\u043d\\u0438\\u0435\"]}}]"}}, {"model": "admin.logentry", "pk": 4, "fields": {"action_time": "2023-09-07T11:06:25.486Z", "user": 1, "content_type": null, "object_id": "5", "object_repr": "Объявление: Чайник", "action_flag": 2, "change_message": "[{\"changed\": {\"fields\": [\"\\u0420\\u0443\\u0431\\u0440\\u0438\\u043a\\u0430\"]}}]"}}, {"model": "admin.logentry", "pk": 5, "fields": {"action_time": "2023-09-07T11:06:51.525Z", "user": 1, "content_type": null, "object_id": "21", "object_repr": "Объявление: asdsd", "action_flag": 2, "change_message": "[{\"changed\": {\"fields\": [\"\\u041e\\u043f\\u0438\\u0441\\u0430\\u043d\\u0438\\u0435\"]}}]"}}, {"model": "admin.logentry", "pk": 6, "fields": {"action_time": "2023-09-14T09:35:29.389Z", "user": 1, "content_type": null, "object_id": "22", "object_repr": "Объявление: Проверка", "action_flag": 2, "change_message": "[{\"changed\": {\"fields\": [\"\\u041e\\u043f\\u0438\\u0441\\u0430\\u043d\\u0438\\u0435\", \"Archive\"]}}]"}}, {"model": "admin.logentry", "pk": 7, "fields": {"action_time": "2023-09-14T09:36:07.537Z", "user": 1, "content_type": null, "object_id": "22", "object_repr": "Объявление: Проверка", "action_flag": 2, "change_message": "[{\"changed\": {\"fields\": [\"\\u041e\\u043f\\u0438\\u0441\\u0430\\u043d\\u0438\\u0435\", \"Archive\"]}}]"}}, {"model": "admin.logentry", "pk": 8, "fields": {"action_time": "2023-09-14T09:37:08.851Z", "user": 1, "content_type": null, "object_id": "21", "object_repr": "Объявление: asdsd", "action_flag": 2, "change_message": "[{\"changed\": {\"fields\": [\"\\u041e\\u043f\\u0438\\u0441\\u0430\\u043d\\u0438\\u0435\", \"Archive\"]}}]"}}, {"model": "admin.logentry", "pk": 9, "fields": {"action_time": "2023-09-14T09:38:26.695Z", "user": 1, "content_type": null, "object_id": "23", "object_repr": "Объявление: asdgdfg", "action_flag": 2, "change_message": "[{\"changed\": {\"fields\": [\"\\u041e\\u043f\\u0438\\u0441\\u0430\\u043d\\u0438\\u0435\", \"Archive\"]}}]"}}, {"model": "admin.logentry", "pk": 10, "fields": {"action_time": "2023-09-14T09:47:05.406Z", "user": 1, "content_type": null, "object_id": "26", "object_repr": "Объявление: проверкаа", "action_flag": 3, "change_message": ""}}, {"model": "admin.logentry", "pk": 11, "fields": {"action_time": "2023-09-14T09:47:09.551Z", "user": 1, "content_type": null, "object_id": "25", "object_repr": "Объявление: sdsd", "action_flag": 3, "change_message": ""}}, {"model": "admin.logentry", "pk": 12, "fields": {"action_time": "2023-09-14T09:47:12.647Z", "user": 1, "content_type": null, "object_id": "24", "object_repr": "Объявление: aaaa", "action_flag": 3, "change_message": ""}}, {"model": "admin.logentry", "pk": 13, "fields": {"action_time": "2023-09-14T09:47:15.799Z", "user": 1, "content_type": null, "object_id": "23", "object_repr": "Объявление: asdgdfg", "action_flag": 3, "change_message": ""}}, {"model": "admin.logentry", "pk": 14, "fields": {"action_time": "2023-09-14T09:47:19.430Z", "user": 1, "content_type": null, "object_id": "22", "object_repr": "Объявление: Проверка", "action_flag": 3, "change_message": ""}}, {"model": "admin.logentry", "pk": 15, "fields": {"action_time": "2023-09-14T09:57:43.413Z", "user": 1, "content_type": null, "object_id": "31", "object_repr": "Объявление: проверка 5", "action_flag": 3, "change_message": ""}}, {"model": "admin.logentry", "pk": 16, "fields": {"action_time": "2023-09-14T09:57:46.943Z", "user": 1, "content_type": null, "object_id": "30", "object_repr": "Объявление: проверка 4", "action_flag": 3, "change_message": ""}}, {"model": "admin.logentry", "pk": 17, "fields": {"action_time": "2023-09-14T09:57:50.041Z", "user": 1, "content_type": null, "object_id": "29", "object_repr": "Объявление: проверка 3", "action_flag": 3, "change_message": ""}}, {"model": "admin.logentry", "pk": 18, "fields": {"action_time": "2023-09-14T09:57:53.507Z", "user": 1, "content_type": null, "object_id": "28", "object_repr": "Объявление: проверка 2", "action_flag": 3, "change_message": ""}}, {"model": "admin.logentry", "pk": 19, "fields": {"action_time": "2023-09-14T09:57:56.483Z", "user": 1, "content_type": null, "object_id": "27", "object_repr": "Объявление: проверка 1", "action_flag": 3, "change_message": ""}}, {"model": "auth.user", "pk": 1, "fields": {"password": "pbkdf2_sha256$600000$I1LxLstld4xNQheTcCFQ81$TV/J1Fpi/Ijt1X4HB6ojHWI9ZT7M3g3rcZWKedyNimM=", "last_login": "2023-09-14T09:25:59.408Z", "is_superuser": true, "username": "admin", "first_name": "", "last_name": "", "email": "eee@mail.ru", "is_staff": true, "is_active": true, "date_joined": "2023-05-17T11:18:29.180Z", "groups": [], "user_permissions": []}}, {"model": "auth.user", "pk": 2, "fields": {"password": "pbkdf2_sha256$600000$8IOyK5jLg4fXXJVSW2MDTL$NB2IWKVBAUmcB+bIx/n+AQ80fo9hZd1gVq2LKP9lsUs=", "last_login": null, "is_superuser": false, "username": "beaver", "first_name": "", "last_name": "", "email": "", "is_staff": false, "is_active": true, "date_joined": "2023-06-05T10:56:16.054Z", "groups": [], "user_permissions": []}}, {"model": "sessions.session", "pk": "1zburez00sa61d33kwfd89qqwfvz89fk", "fields": {"session_data": ".eJxVjEsOwjAMBe-SNYqw8yFhyZ4zVI7tkAJqpX5WiLtDpS5g-2bmvUxH69K6ddap68WcDZjD71aIHzpsQO403EbL47BMfbGbYnc62-so-rzs7t9Bo7l96yBeMSMXdBgkobDmI3goFRLHyhUoSsqRokOG6r0ECCdSrMG5zGreH-XIOAA:1qd6Ic:g-b7QT0obpQKBsVrVfUJpfKPERC4J_xUATF4aMRQQS0", "expire_date": "2023-09-18T09:55:14.817Z"}}, {"model": "sessions.session", "pk": "3gkz953ekhboel0np4xqjwwngtwo83mv", "fields": {"session_data": ".eJxVjEEOwiAQRe_C2hAZLHRcuu8ZCMyAVA0kpV0Z7y5NutDtf-_9t3B-W7PbWlzczOIqlDj9bsHTM5Yd8MOXe5VUy7rMQe6KPGiTU-X4uh3u30H2LfcaAtpkDCsdEgxMw5lsIhwJUBOGMWgDHSVAixEALloZtLb7SjOmKD5f4zc3jg:1pzFJ9:8PKqJ7mf5wvO7h3ZBp2a3zZ9LrEhc-8ejaFpKbSjZxo", "expire_date": "2023-05-31T11:27:03.834Z"}}, {"model": "sessions.session", "pk": "f67r28fkkokgg8ogc1vywtiojocfrslv", "fields": {"session_data": ".eJxVjEsOwjAMBe-SNYqw8yFhyZ4zVI7tkAJqpX5WiLtDpS5g-2bmvUxH69K6ddap68WcDZjD71aIHzpsQO403EbL47BMfbGbYnc62-so-rzs7t9Bo7l96yBeMSMXdBgkobDmI3goFRLHyhUoSsqRokOG6r0ECCdSrMG5zGreH-XIOAA:1qeBpn:toQrxt8a_c7IF42vmsAi5puDOhK4WqIUbtfoqu_OUSQ", "expire_date": "2023-09-21T10:01:59.629Z"}}, {"model": "sessions.session", "pk": "gsc4xiohvt19v1043t6lhg4vu2b0tsb4", "fields": {"session_data": ".eJxVjEEOwiAQRe_C2hAZLHRcuu8ZCMyAVA0kpV0Z7y5NutDtf-_9t3B-W7PbWlzczOIqlDj9bsHTM5Yd8MOXe5VUy7rMQe6KPGiTU-X4uh3u30H2LfcaAtpkDCsdEgxMw5lsIhwJUBOGMWgDHSVAixEALloZtLb7SjOmKD5f4zc3jg:1q6rNp:cz0Ner3QKkKMjzyujYfBoqrV75C2J5e_cyznQvuZ760", "expire_date": "2023-06-21T11:31:21.669Z"}}, {"model": "sessions.session", "pk": "h2wxdn9qs6focl9zlhbpt02w4zi9kxmb", "fields": {"session_data": ".eJxVjEsOwjAMBe-SNYqw8yFhyZ4zVI7tkAJqpX5WiLtDpS5g-2bmvUxH69K6ddap68WcDZjD71aIHzpsQO403EbL47BMfbGbYnc62-so-rzs7t9Bo7l96yBeMSMXdBgkobDmI3goFRLHyhUoSsqRokOG6r0ECCdSrMG5zGreH-XIOAA:1qbeYV:gIFGjDJc9kCoJcdHr48A0_dguaVIKpj-F4JuPH8mk7Q", "expire_date": "2023-09-14T10:05:39.776Z"}}, {"model": "sessions.session", "pk": "iv4j1cl1nbm8nqeqgxjulsfsn3it6yfw", "fields": {"session_data": ".eJxVjEsOwjAMBe-SNYqw8yFhyZ4zVI7tkAJqpX5WiLtDpS5g-2bmvUxH69K6ddap68WcDZjD71aIHzpsQO403EbL47BMfbGbYnc62-so-rzs7t9Bo7l96yBeMSMXdBgkobDmI3goFRLHyhUoSsqRokOG6r0ECCdSrMG5zGreH-XIOAA:1qgibn:sTa3VK56vjPGz2MEgOAp74FB6HukkOC4afS4LXbogBc", "expire_date": "2023-09-28T09:25:59.453Z"}}, {"model": "sessions.session", "pk": "pjwzb30nt3w01wsqth922zm9vlbi2nv9", "fields": {"session_data": ".eJxVjEEOwiAQRe_C2hAZLHRcuu8ZCMyAVA0kpV0Z7y5NutDtf-_9t3B-W7PbWlzczOIqlDj9bsHTM5Yd8MOXe5VUy7rMQe6KPGiTU-X4uh3u30H2LfcaAtpkDCsdEgxMw5lsIhwJUBOGMWgDHSVAixEALloZtLb7SjOmKD5f4zc3jg:1qBApu:n4pHDMcpOm5lihcNlzeoj3osjesH9sCzie1Dh9hcwZ4", "expire_date": "2023-07-03T09:06:10.611Z"}}, {"model": "sessions.session", "pk": "rgkp8g1hfhdjdg81j8jo3c08v1en3nur", "fields": {"session_data": ".eJxVjEEOwiAQRe_C2hAZLHRcuu8ZCMyAVA0kpV0Z7y5NutDtf-_9t3B-W7PbWlzczOIqlDj9bsHTM5Yd8MOXe5VUy7rMQe6KPGiTU-X4uh3u30H2LfcaAtpkDCsdEgxMw5lsIhwJUBOGMWgDHSVAixEALloZtLb7SjOmKD5f4zc3jg:1qLKhF:ccTr57KxnD-9HMo-Jwgu0BJBeCNUpSO0WwZWIt0t8RY", "expire_date": "2023-07-31T09:39:13.230Z"}}, {"model": "sessions.session", "pk": "ypegtsy8r2an39vubgb58t4r92rp5636", "fields": {"session_data": ".eJxVjEEOwiAQRe_C2hAZLHRcuu8ZCMyAVA0kpV0Z7y5NutDtf-_9t3B-W7PbWlzczOIqlDj9bsHTM5Yd8MOXe5VUy7rMQe6KPGiTU-X4uh3u30H2LfcaAtpkDCsdEgxMw5lsIhwJUBOGMWgDHSVAixEALloZtLb7SjOmKD5f4zc3jg:1qY1rB:KZoIhxthKbUGhx6ptu6hZBgwWrVj_Vjbtmtgp2JM-so", "expire_date": "2023-09-04T10:09:57.900Z"}}, {"model": "sessions.session", "pk": "zzi5a5iimojy9tyaxydnjtk8hq8tb6po", "fields": {"session_data": ".eJxVjEEOwiAQRe_C2hAZLHRcuu8ZCMyAVA0kpV0Z7y5NutDtf-_9t3B-W7PbWlzczOIqlDj9bsHTM5Yd8MOXe5VUy7rMQe6KPGiTU-X4uh3u30H2LfcaAtpkDCsdEgxMw5lsIhwJUBOGMWgDHSVAixEALloZtLb7SjOmKD5f4zc3jg:1qYlTP:mzG4FEhTX9rHDN0kR1Geij5412KFRdye5HZsGyZ32so", "expire_date": "2023-09-06T10:52:27.267Z"}}, {"model": "captcha.captchastore", "pk": 120, "fields": {"challenge": "8-4=", "response": "4", "hashkey": "68e0c530cd6a0c1a122ee19d6428e31d0d9c1894", "expiration": "2023-09-14T10:26:38.642Z"}}, {"model": "captcha.captchastore", "pk": 121, "fields": {"challenge": "9-7=", "response": "2", "hashkey": "69a10b8a91d10560466c1e67cba9aae04569f5fa", "expiration": "2023-09-14T10:26:55.410Z"}}, {"model": "captcha.captchastore", "pk": 122, "fields": {"challenge": "7*1=", "response": "7", "hashkey": "cc7dda3dc8c9f53d15f3b5b0655b10cfea45b3ac", "expiration": "2023-09-14T11:04:32.768Z"}}, {"model": "bboard.rubric", "pk": 1, "fields": {"name": "Недвижимость"}}, {"model": "bboard.rubric", "pk": 2, "fields": {"name": "Транспорт"}}, {"model": "bboard.rubric", "pk": 3, "fields": {"name": "Бытовая техника"}}, {"model": "bboard.rubric", "pk": 4, "fields": {"name": "Сельхозтехника"}}, {"model": "bboard.rubric", "pk": 5, "fields": {"name": "Мебель"}}, {"model": "bboard.rubric", "pk": 6, "fields": {"name": "Сантехника"}}, {"model": "bboard.rubric", "pk": 7, "fields": {"name": "Растения"}}, {"model": "bboard.bb", "pk": 1, "fields": {"rubric": 1, "title": "Дача", "kind": "s", "_content_rendered": null, "content": "Лень писать", "price": 500000.0, "published": "2023-05-17T11:18:29.159Z", "archive": ""}}, {"model": "bboard.bb", "pk": 2, "fields": {"rubric": 2, "title": "Бобёр ездовой", "kind": "s", "_content_rendered": null, "content": "Плохо строит плотины", "price": 2777.5, "published": "2023-05-17T11:18:29.167Z", "archive": ""}}, {"model": "bboard.bb", "pk": 5, "fields": {"rubric": 5, "title": "Чайник", "kind": "s", "_content_rendered": "описание", "content": "описание", "price": 250.0, "published": "2023-05-22T10:47:36.232Z", "archive": ""}}, {"model": "bboard.bb", "pk": 6, "fields": {"rubric": 5, "title": "Диван", "kind": "s", "_content_rendered": null, "content": "Продавленный", "price": 100.0, "published": "2023-05-24T09:37:05.928Z", "archive": ""}}, {"model": "bboard.bb", "pk": 7, "fields": {"rubric": 6, "title": "Раковина", "kind": "s", "_content_rendered": null, "content": "Сильно битая", "price": 49.5, "published": "2023-05-24T09:40:21.136Z", "archive": ""}}, {"model": "bboard.bb", "pk": 8, "fields": {"rubric": 4, "title": "Мотыга", "kind": "s", "_content_rendered": null, "content": "Ржавая", "price": 49.5, "published": "2023-05-24T09:45:29.244Z", "archive": ""}}, {"model": "bboard.bb", "pk": 9, "fields": {"rubric": 4, "title": "Лопата", "kind": "s", "_content_rendered": null, "content": "Почти новая", "price": 500.0, "published": "2023-05-24T09:49:27.388Z", "archive": ""}}, {"model": "bboard.bb", "pk": 10, "fields": {"rubric": 3, "title": "Пылесос", "kind": "s", "_content_rendered": null, "content": "[b]Хороший, мощный[/b]  [i]Хороший, мощный[/i] [s]Хороший, мощный[/s] [color=#00FF66] Хороший, мощный[/color] \r\n[list=1]\r\n[*]Python\r\n[/list]", "price": 500.0, "published": "2023-05-24T11:30:45.683Z", "archive": ""}}, {"model": "bboard.bb", "pk": 11, "fields": {"rubric": 3, "title": " Стиральная машина", "kind": "s", "_content_rendered": null, "content": " Автоматическая", "price": 500.0, "published": "2023-05-24T11:30:45.683Z", "archive": ""}}, {"model": "bboard.bb", "pk": 12, "fields": {"rubric": 5, "title": "товар", "kind": "s", "_content_rendered": null, "content": "ыфва [i]asdasdasdasd[/i]", "price": 100.0, "published": "2023-06-12T09:52:55.427Z", "archive": ""}}, {"model": "bboard.bb", "pk": 16, "fields": {"rubric": 1, "title": "Прод", "kind": "s", "_content_rendered": null, "content": "ывфвыф", "price": 0.02, "published": "2023-08-16T09:55:45.224Z", "archive": ""}}, {"model": "bboard.bb", "pk": 17, "fields": {"rubric": 2, "title": "asdwedrf", "kind": "s", "_content_rendered": null, "content": "asdasd", "price": 100.0, "published": "2023-08-21T11:09:45.170Z", "archive": ""}}, {"model": "bboard.bb", "pk": 18, "fields": {"rubric": 2, "title": "asdasdasd", "kind": "s", "_content_rendered": null, "content": "asdasdasd", "price": 100.0, "published": "2023-08-21T11:18:22.811Z", "archive": ""}}, {"model": "bboard.bb", "pk": 19, "fields": {"rubric": 1, "title": "домммм", "kind": "s", "_content_rendered": null, "content": "описание", "price": 1000.0, "published": "2023-08-31T09:44:31.451Z", "archive": ""}}, {"model": "bboard.bb", "pk": 20, "fields": {"rubric": 3, "title": "Каптча", "kind": "s", "_content_rendered": null, "content": "описание", "price": 100.0, "published": "2023-09-04T10:52:09.524Z", "archive": ""}}, {"model": "bboard.bb", "pk": 21, "fields": {"rubric": 5, "title": "asdsd", "kind": "s", "_content_rendered": "<strong>Хороший, мощный</strong>  <em>Хороший, мощный</em> <strike>Хороший, мощный</strike> <span style=\"color:#00FF66;\"> Хороший, мощный</span> <br /><ol style=\"list-style-type:decimal;\"><li>Python</li></ol><br />:) <br />:-)", "content": "[b]Хороший, мощный[/b]  [i]Хороший, мощный[/i] [s]Хороший, мощный[/s] [color=#00FF66] Хороший, мощный[/color] \r\n[list=1]\r\n[*]Python\r\n[/list]\r\n:) \r\n:-)", "price": 1000.0, "published": "2023-09-07T11:05:39.115Z", "archive": "archives/заставка1.png"}}, {"model": "testapp.advuser", "pk": 1, "fields": {"is_activated": true, "user": 1}}, {"model": "testapp.spare", "pk": 1, "fields": {"name": "Болт"}}, {"model": "testapp.spare", "pk": 2, "fields": {"name": "Гайка"}}, {"model": "testapp.spare", "pk": 3, "fields": {"name": "Шайба"}}, {"model": "testapp.spare", "pk": 4, "fields": {"name": "Шпилька"}}, {"model": "testapp.machine", "pk": 1, "fields": {"name": "Самосвал"}}, {"model": "testapp.machine", "pk": 2, "fields": {"name": "Тепловоз"}}, {"model": "testapp.kit", "pk": 1, "fields": {"machine": 1, "spare": 1, "count": 5}}, {"model": "testapp.kit", "pk": 2, "fields": {"machine": 1, "spare": 2, "count": 100}}, {"model": "testapp.kit", "pk": 4, "fields": {"machine": 2, "spare": 1, "count": 49}}, {"model": "testapp.kit", "pk": 5, "fields": {"machine": 2, "spare": 3, "count": 49}}, {"model": "testapp.sms", "pk": 1, "fields": {"comment": "комментарий", "sender": 1, "receiver": 2}}, {"model": "testapp.course", "pk": 1, "fields": {"name": "Python"}}, {"model": "testapp.course", "pk": 2, "fields": {"name": "JavaScript"}}, {"model": "testapp.course", "pk": 3, "fields": {"name": "PHP"}}, {"model": "testapp.student", "pk": 1, "fields": {"name": "Alex"}}, {"model": "testapp.student", "pk": 2, "fields": {"name": "Xela"}}, {"model": "testapp.student", "pk": 3, "fields": {"name": "Tom"}}, {"model": "testapp.student", "pk": 4, "fields": {"name": "Mot"}}, {"model": "testapp.img", "pk": 1, "fields": {"img": "checker1694689281.564245.png", "desc": "696"}}]